{"cameraMode":{"drawMode":0,"name":"Shaded","section":"Shading Mode"},"sceneLighting":true,"audioPlay":false,"sceneViewState":{"showFog":true,"showMaterialUpdate":false,"showSkybox":true,"showFlares":true,"showImageEffects":true,"showParticleSystems":true},"in2DMode":false,"pivot":{"x":-5.0055694580078129,"y":-283.82061767578127,"z":1165.299072265625},"rotation":{"x":0.061163280159235,"y":0.7075952291488648,"z":0.061716530472040179,"w":-0.7012553811073303},"size":754.3272094726563,"orthographic":false}